mleko,krowa
mleko,białe
mleko,matki
mleko,biały
mleko,krowie
mleko,biel
mleko,płatki
mleko,kawa
mleko,rozlane
mleko,nabiał
mleko,kwaśne
mleko,łaciate
mleko,woda
mleko,zsiadłe
mleko,kot
mleko,pić
mleko,ser
mleko,świeże
mleko,matka
mleko,"od krowy"
mleko,kozie
mleko,chleb
mleko,kakao
mleko,szklanka
mleko,uht
mleko,zimne
mleko,jogurt
mleko,koza
mleko,masło
mleko,picie
mleko,śmietana
mleko,białko
mleko,butelka
mleko,ciepłe
mleko,dziecko
mleko,miód
mleko,mleko
mleko,napój
mleko,tłuste
mleko,tłuszcz
mleko,"i miód"
mleko,kwaśny
mleko,nos
mleko,odtłuszczone
mleko,pełne
mleko,pierś
mleko,pije
mleko,"pod nosem"
mleko,proszek
mleko,rozlać
mleko,skisłe
mleko,sojowe
mleko,ssać
mleko,śniadanie
mleko,świerze
mleko,"w proszku"
biały,śnieg
biały,kolor
biały,czarny
biały,kruk
biały,dom
biały,miś
biały,obrus
biały,koń
biały,ser
biały,kieł
biały,orzeł
biały,dzień
biały,papier
biały,kot
biały,puch
biały,jasny
biały,snieg
biały,jeleń
biały,proszek
biały,mleko
biały,niewinność
biały,chleb
biały,czystość
biały,chmura
biały,czysty
biały,dym
biały,kołnierzyk
biały,kwiat
biały,niedźwiedź
biały,pies
biały,bałwan
biały,człowiek
biały,gołąb
biały,kościół
biały,łabądź
biały,mężczyzna
biały,ściana
biały,welon
biały,ząb
biały,anioł
biały,barwa
biały,ekran
biały,flaga
biały,kapelusz
biały,koc
biały,krzyż
biały,księżyc
biały,niewinny
biały,pokój
biały,prądnik
biały,ptak
biały,rumak
biały,szkwał
biały,wilk
ser,żółty
ser,szwajcarski
ser,pleśniowy
ser,dziury
ser,zółty
ser,biały
ser,dziura
ser,gouda
ser,dziurawy
ser,"z dziurami"
ser,mysz
ser,jedzenie
ser,edamski
ser,szynka
ser,twaróg
ser,pleśń
ser,kanapka
ser,kozi
ser,mleko
ser,szwajcaria
ser,topiony
ser,jeść
ser,nabiał
ser,cheese
ser,chleb
ser,dobry
ser,dziecko
ser,francja
ser,gołda
ser,kalorie
ser,oscypek
ser,pleśnowy
ser,pyszny
ser,ser
ser,serek
ser,smaczny
ser,śmierdzi
ser,wędzony
woda,czysta
